symbol,start_date,end_date
APLD,2025-04-01,2025-05-01
ANVS,2025-04-01,2025-05-01
QBTS,,
CMP,,
SMR,,
ELF,,
CRDO,,
ISSC,,
HOOD,,
OKLO,,
BW,,
ALLT,,
STX,,
RBRK,,
HUMA,,
WDC,,
AGX,,
NRG,,
OWLT,,
HIMS,,
AVGO,,
APP,,
KB,,
VRT,,
RAIL,,
VST,,
MSTX,,
QUBT,,
OPFI,,
YSG,,
MOS,,
PLTR,,
FL,,
HRTG,,
CDE,,
MCHP,,
FARO,,
CLS,,
TTD,,
GE,,
QURE,,
BTDR,,
PAY,,
PGRE,,
IONQ,,
NVRI,,
BA,,
DOUG,,
APH,,
ETHE,,
BYON,,
FLEX,,
DK,,
AEHR,,
ATOM,,
XP,,
COMM,,
JCI,,
UOPSX,,
APYX,,
MTAL,,
RCKY,,
RCL,,
SLDP,,
BJRI,,
WULF,,
MU,,
XYF,,
RYVYX,,
RYVLX,,
UOPIX,,
RYCCX,,
NFLX,,
INDI,,
COIN,,
TASK,,
EWCZ,,
RKLB,,
REVG,,
UP,,
URBN,,
DELL,,
AAP,,
ETSY,,
ATEYY,,
GHM,,
THC,,
MELI,,
CCL,,
U,,
PWR,,
DXQLX,,
NSSC,,
STM,,
DHX,,
KALU,,
BCS,,
SHG,,
SAN,,
MQ,,
CPNG,,
NVDA,2020-01-01,2025-07-04
WCMSX,,
MSTR,,
DFIN,,
MNMD,,
RL,,
CRWD,,
FOSL,,
LYFT,,
NXT,,
HIMX,,
INTU,,
ARM,,
QRVO,,
ROK,,
AMD,,
FKRCX,,
YALA,,
NTGR,,
INPIX,,
UTI,,
TYRA,,
BTG,,
DHC,,
INPSX,,
UAL,,
BBD,,
TSLA,2020-01-01,2025-07-04
SANA,,
GRAB,,
AMLX,,
IDXX,,
TSM,,
FGPMX,,
RPTX,,
FGADX,,
ASMIY,,
CRNC,,
FRGOX,,
HLVX,,
STKL,,
TPB,,
RGTI,,
GRND,,
IBIT,,
NUVB,,
WRLD,,
MARA,,
GBTC,,
QSI,,
TME,,
ACLS,,
NE,,
TOELF,,
BTSG,,
FIKGX,,
FELIX,,
FELAX,,
LRCX,,
LRCX,,
FELTX,,
ONON,,
FELCX,,
CLMT,,
DH,,
DRIOX,,
JOBY,,
HPE,,
IPGP,,
STEM,,
SKWD,,
SOFI,,
SWKS,,
PATH,,
DIS,,
NTAP,,
PSQH,,
PINS,,
ULTA,,
APHTX,,
APDTX,,
ARTTX,,
ORCL,,
MPC,,
BB,,
SA,,
ALV,,
MSFT,2020-01-01,2025-07-04
ALGYX,,
ALZFX,,
CE,,
DISMX,,
ALAFX,,
ALGRX,,
META,2020-01-01,2025-07-04
ALCFX,,
CF,,
IRM,,
SIG,,
LGLOX,,
LGLVX,,
LGLUX,,
LGLFX,,
LGLIX,,
LGLAX,,
LGLSX,,
LGLRX,,
LGLQX,,
LGLCX,,
FTRNX,,
TEL,,
ETG,,
DSCSY,,
FJPNX,,
DBD,,
FJPIX,,
GPRO,,
FIQLX,,
FJPTX,,
FPJAX,,
FJPCX,,
OPRT,,
INIIX,,
EGO,,
PWJRX,,
BGSIX,,
BTEKX,,
BGSAX,,
BSTSX,,
CTCAX,,
BGSRX,,
RYSIX,,
FCPAX,,
CPIX,,
IHS,,
ACILX,,
FCX,,
BROS,,
RYSAX,,
BGSCX,,
RYELX,,
GDOT,,
CTHCX,,
ATHDX,,
ATHYX,,
RYSCX,,
AKO-A,,
ATHIX,,
ATHGX,,
TWHIX,,
DLR,,
ATHAX,,
AGCSX,,
ATHWX,,
UPST,,
AGCWX,,
IAG,,
CAKE,,
AGCHX,,
TFGRX,,
TEGYX,,
TEGIX,,
TEGAX,,
FTI,,
BBVA,,
RPTTX,,
RAIWX,,
PRDMX,,
MYTE,,
TOECX,,
COHU,,
RAIRX,,
FIDZX,,
FCPIX,,
FIVFX,,
HRAUX,,
CAMT,,
FIATX,,
CMTFX,,
DFS,,
CGTUX,,
CTHRX,,
NEAIX,,
NEAGX,,
FCPCX,,
OPRA,,
TRIP,,
APHYX,,
AGCVX,,
BIOIX,,
BIOUX,,
APDYX,,
AGCTX,,
CRBG,,
CRSR,,
ARTYX,,
FGSIX,,
ASTS,,
FGSKX,,
EL,,
AGCLX,,
DAL,,
GS,,
FIKHX,,
FATIX,,
INVYX,,
FGSAX,,
JORFX,,
FADTX,,
FATEX,,
MSGE,,
FZAHX,,
FGSCX,,
FTHCX,,
FAGCX,,
VYRIX,,
FLR,,
FAGAX,,
MXF,,
FAGOX,,
IAXTX,,
PWJZX,,
PWJQX,,
PCITX,,
PWJDX,,
PWJAX,,
PWJBX,,
FACGX,,
RCUS,,
EBAY,,
PWJCX,,
GLW,,
RAIIX,,
SOUN,,
RISAX,,
HAGIX,,
HAGAX,,
CRCT,,
EFX,,
KGC,,
PHPPX,,
PMGJX,,
CIVHX,,
SLM,,
AIVFX,,
AIVGX,,
CIVKX,,
AIVBX,,
CIVAX,,
RIVJX,,
RIVKX,,
CIVGX,,
RIVGX,,
HAGCX,,
RIVLX,,
NDAQ,,
DLTH,,
AIVEX,,
CIVCX,,
TOELY,,
GICUX,,
JANRX,,
SMFG,,
RIVHX,,
RIVIX,,
JSLNX,,
GIRLX,,
GGDPX,,
LVS,,
JORNX,,
GICIX,,
RIVAX,,
IEGIX,,
JORAX,,
AIVCX,,
BIOPX,,
RIVDX,,
CIVBX,,
GICAX,,
PIIFX,,
GGOIX,,
KVYO,,
GGQPX,,
JORRX,,
EFCCX,,
HAONX,,
GICCX,,
MFG,,
HAOSX,,
SMCI,,
SEE,,
BLX,,
IAXIX,,
FSELX,,
ZI,,
APFDX,,
GGOCX,,
MUFG,,
IPHA,,
APHDX,,
PIGCX,,
CLVT,,
OSIS,,
IAXAX,,
YY,,
MS,,
EAT,,
SCHW,,
CYD,,
FORM,,
QILGX,,
PGWIX,,
PFPPX,,
GGCIX,,
MATV,,
GABGX,,
GGCAX,,
BAC,,
SYF,,
APHJX,,
DILRX,,
APDJX,,
ARTJX,,
BRXVX,,
POVEX,,
GGCCX,,
IEGFX,,
JORIX,,
MINHX,,
IEGYX,,
POVYX,,
POVDX,,
IEGAX,,
POVSX,,
EMR,,
DMAGX,,
MGIAX,,
MINGX,,
JORCX,,
PIERX,,
EFCIX,,
GGOTX,,
GGOUX,,
IEGCX,,
EFCAX,,
CAH,,
EFCNX,,
GGOAX,,
APDDX,,
MOWIX,,
NXPI,,
FSTSX,,
MOWNX,,
GGORX,,
SHOP,,
AMBA,,
C,,
IAXSX,,
PINDX,,
UVE,,
INYDX,,
CDNS,,
STT,,
QALGX,,
INDCX,,
JACFX,,
JACEX,,
JACJX,,
VMSGX,,
BRXIX,,
USNQX,,
TEVA,,
UANQX,,
EQIX,,
AFCGX,,
MINJX,,
APTV,,
MINIX,,
QCLGX,,
BRXAX,,
AFCMX,,
FBGKX,,
DAINX,,
BRXBX,,
RYOCX,,
BRXRX,,
FBGRX,,
DNINX,,
RYHOX,,
MINFX,,
HAORX,,
JACLX,,
AFCSX,,
RYATX,,
UCNQX,,
AFCNX,,
MGIBX,,
MINRX,,
BIGUX,,
MGICX,,
AFCLX,,
BINIX,,
SIFZX,,
BIGFX,,
DCINX,,
GISYX,,
SSIFX,,
AFCWX,,
AFCHX,,
SNPS,,
AXP,,
RIOT,,
PNGYX,,
STNE,,
PNR,,
ETO,,
TIDDX,,
GISOX,,
GGOSX,,
MRVL,,
FSCSX,,
PRIDX,,
PRJZX,,
PRJQX,,
CYPSX,,
TG,,
PRJAX,,
PRJDX,,
PIGRX,,
PRJBX,,
AQN,,
FOSFX,,
FOSKX,,
PRJCX,,
RDDT,,
DAKT,,
AI,,
BRXUX,,
CDHIX,,
BTMKX,,
URNQX,,
JACBX,,
BRXTX,,
MAIIX,,
BRXSX,,
CDHAX,,
UINQX,,
ETN,,
BRXCX,,
SOC,,
FSPTX,,
BTMPX,,
MDIIX,,
WYNN,,
NGRRX,,
TILIX,,
SWLGX,,
TRIHX,,
NAIGX,,
TRIRX,,
SGNFX,,
OTEX,,
PJGQX,,
PEGZX,,
PEGGX,,
KLAC,,
KLAC,,
SGFFX,,
TRZKX,,
PEGEX,,
PEEAX,,
BEN,,
JDERX,,
BWA,,
RGLFX,,
TPR,,
AGVHX,,
AGVGX,,
SGFCX,,
LUV,,
RYCOX,,
YQ,,
ACFGX,,
DODFX,,
GTILX,,
FIFVX,,
FIFNX,,
FIFWX,,
VAL,,
MMDEX,,
RUN,,
ACFNX,,
PEGCX,,
ACFSX,,
MGNDX,,
DVSMX,,
PIIRX,,
DNSMX,,
PNGAX,,
FIFOX,,
CHEF,,
STCZX,,
ACFOX,,
LYG,,
CYPIX,,
OSK,,
ADI,,
FIFPX,,
ACFDX,,
PH,,
TIMB,,
RGLBX,,
TLK,,
ACFCX,,
FIFQX,,
JLGMX,,
JLGRX,,
ASX,,
JLGQX,,
SEEGX,,
RIVN,,
FIONX,,
OLGAX,,
TRGAX,,
CDHRX,,
FIQIX,,
JLGZX,,
FISMX,,
TXN,,
JDIBX,,
FIXIX,,
RPGIX,,
FSPSX,,
UAA,,
OLGCX,,
CEE,,
FIASX,,
FTISX,,
FIVN,,
TILWX,,
FICSX,,
MIEIX,,
THOGX,,
THOFX,,
TILHX,,
TILGX,,
FHOFX,,
THOIX,,
KKR,,
VRGWX,,
TILPX,,
THOAX,,
TILRX,,
TIRTX,,
GGEAX,,
THOVX,,
NCIGX,,
ELP,,
RGLGX,,
CGVGX,,
RGLJX,,
CGVHX,,
CGVFX,,
TRGLX,,
RGLEX,,
AGVEX,,
CGVYX,,
GTLLX,,
PIGWX,,
POAGX,,
TTMIX,,
RGLDX,,
THOCX,,
PRMTX,,
RGLAX,,
ADBE,,
FPBFX,,
FALIX,,
FALAX,,
VIST,,
AGVDX,,
JPM,,
LMIYX,,
CGVBX,,
FVWSX,,
FSLBX,,
HDIVX,,
HDTVX,,
HDDVX,,
HDRVX,,
NTRS,,
HDAVX,,
HDQVX,,
AMKR,,
JDIUX,,
JDVIX,,
MA,,
HAS,,
NGRDX,,
JLGPX,,
JDITX,,
BBUC,,
FTRIX,,
NGUAX,,
JDISX,,
FZALX,,
FMURX,,
BESIX,,
HDCVX,,
WESNX,,
WESJX,,
SGGIX,,
SCQGX,,
PCIEX,,
NBGTX,,
FCLKX,,
FEGIX,,
SGGAX,,
NGDAX,,
FEURX,,
NVMI,,
NU,,
SUMCF,,
NGDRX,,
SGGDX,,
NAVI,,
NBGUX,,
JDICX,,
UMPIX,,
OTPIX,,
NGDCX,,
NSRIX,,
ETY,,
SGGCX,,
GCI,,
CAT,,
UMPSX,,
GGESX,,
FLCSX,,
SLG,,
UBER,,
VWILX,,
VWIGX,,
VQNPX,,
AULNX,,
OTPSX,,
RGERX,,
CSEYX,,
FGLGX,,
NEXTX,,
LCGJX,,
AULDX,,
CGVEX,,
AULYX,,
AGVFX,,
PRGSX,,
RGLHX,,
LCGFX,,
TWUIX,,
AULGX,,
PM,,
LCGNX,,
PAGSX,,
CLQZX,,
BPTUX,,
FGRSX,,
BK,,
BPTIX,,
TWCUX,,
SFNNX,,
TWUAX,,
RDLCX,,
BPTRX,,
FIDLX,,
CLSK,,
BCSFX,,
AULRX,,
BHF,,
KGGAX,,
LFMGX,,
UMC,,
BCSVX,,
FALGX,,
NESIX,,
PBFDX,,
TSONX,,
KGGIX,,
TWCCX,,
PBI,,
URI,,
FMEUX,,
MEURX,,
TSOEX,,
FLCCX,,
JDIVX,,
NESGX,,
LCMGX,,
BPGIX,,
TSOPX,,
PORIX,,
TGIRX,,
STCIX,,
STCAX,,
NGDLX,,
PWGAX,,
TGVIX,,
PORTX,,
TIVRX,,
TEURX,,
THVRX,,
TGVAX,,
FGRTX,,
TGVRX,,
FGTAX,,
NSRKX,,
APSGX,,
ICMPX,,
SPNT,,
BLK,,
CGTYX,,
CSGZX,,
SGTTX,,
APSRX,,
THORX,,
NALFX,,
OCMPX,,
SHGTX,,
GGEIX,,
VGIAX,,
FGRCX,,
ERIC,,
BXP,,
THGCX,,
NAEFX,,
SGTRX,,
FEGOX,,
CCOYX,,
FNCMX,,
SCMIX,,
CCIZX,,
SLMCX,,
SHTCX,,
DLTR,,
TQMIX,,
BBGLX,,
SCIRX,,
JCAPX,,
COF,,
JFRNX,,
JFRDX,,
XRAY,,
CGEZX,,
JACTX,,
JDCAX,,
IGLGX,,
FGFLX,,
FGDKX,,
SCICX,,
FDSVX,,
BESIY,,
AGTIX,,
ATEYX,,
FGFAX,,
JDCRX,,
ALTFX,,
EXPE,,
FGFRX,,
RDLAX,,
JACCX,,
RGCEX,,
CGQYX,,
FGFCX,,
PYPL,,
FMFMX,,
FNORX,,
ATECX,,
FMPFX,,
NEM,,
GAM,,
TEMIX,,
TSOHX,,
DNDGX,,
FICIX,,
CDRE,,
SCIEX,,
SCIJX,,
HSWTX,,
HSWYX,,
VIHAX,,
BUFIX,,
HSWFX,,
CEPU,,
TSORX,,
JBLU,,
FICHX,,
FIQGX,,
HSWSX,,
SCVEX,,
FEDIX,,
FICGX,,
TROCX,,
LEG,,
FEDAX,,
SSEAX,,
HSWRX,,
BFGUX,,
FEDDX,,
BFGIX,,
NICE,,
TXT,,
HSWCX,,
WBD,,
MFIC,,
ADX,,
FEDTX,,
GPMT,,
FTGRX,,
CIVIX,,
MSEIX,,
FEDGX,,
SGZFX,,
FZAFX,,
CIVVX,,
EQPGX,,
DDM,,
HBAN,,
SSGFX,,
SDLAX,,
V,,
FAEGX,,
EPGAX,,
APGZX,,
APGYX,,
ALLIX,,
GEMMX,,
TMDIX,,
TMDPX,,
GEMEX,,
CFAGX,,
XRX,,
FFIV,,
EPGCX,,
FOCKX,,
CFGRX,,
VTRIX,,
FZAJX,,
ATEZX,,
AUERX,,
ASLWX,,
CMLIX,,
MXGSX,,
ADSK,,
APGCX,,
VNO,,
JARTX,,
FIIIX,,
TWSIX,,
ASLGX,,
UA,,
SVC,,
TWCIX,,
AMG,,
TBWIX,,
AX,,
BCH,,
TBWAX,,
QCACX,,
HON,,
BRWIX,,
AMIGX,,
VHGEX,,
CLSYX,,
CAAP,,
AMAGX,,
BBHLX,,
BUIIX,,
SDYYX,,
TRZPX,,
XYL,,
FIMPX,,
HLT,,
TBWCX,,
SDYAX,,
HII,,
CSVFX,,
ACRE,,
FRMPX,,
DADGX,,
TIQIX,,
FTXFX,,
MGRDX,,
PGINX,,
SSYGX,,
SSETX,,
CCWSX,,
NAVFX,,
CCWIX,,
TEQAX,,
MQGIX,,
MGRVX,,
PGRNX,,
PXEAX,,
FGRIX,,
BFGFX,,
MGRTX,,
MGRAX,,
MISMX,,
RYLDX,,
MSMLX,,
MGRQX,,
RYCVX,,
FSLR,,
GT,,
TEQCX,,
MGRBX,,
ANODX,,
GEMNX,,
MGRRX,,
MGRCX,,
RYCYX,,
MGSEX,,
DREVX,,
FIGSX,,
EVSAX,,
ZGFAX,,
MGM,,
ITRN,,
CINF,,
ZGFIX,,
YFSIX,,
QKACX,,
QIACX,,
BHR-PB,,
YFSNX,,
APGAX,,
FIGFX,,
GCCAX,,
QAACX,,
CAMLX,,
NMR,,
PNAIX,,
EVSTX,,
BWBTX,,
BWBFX,,
PRWAX,,
ASDEX,,
BWBIX,,
FTXSX,,
VSRDX,,
MIEDX,,
MXLGX,,
MIELX,,
FTXAX,,
PAWAX,,
AXS,,
FTXNX,,
TWCAX,,
TBGVX,,
CADPX,,
MEERX,,
MEIRX,,
FTXCX,,
MIZIX,,
ASERX,,
MMIAX,,
JHJCX,,
ISRG,,
DIEMX,,
MUOSX,,
WFC,,
CSVAX,,
MUOIX,,
FIDGX,,
ACSLX,,
TEUIX,,
MUOAX,,
DUSLX,,
CSXRX,,
ITUB,,
PRESX,,
MUOCX,,
CIESX,,
FGILX,,
MCO,,
MRLIX,,
FCCGX,,
TAVZX,,
LCIAX,,
ANSS,,
MRLSX,,
CSGYX,,
TAVFX,,
CWVIX,,
BDFUX,,
BDFIX,,
USPRX,,
CSCRX,,
GMOEX,,
GMEMX,,
GAIN,,
USSPX,,
WMLIX,,
BDFFX,,
TVFVX,,
CWVGX,,
DRESX,,
CMSCX,,
FMC,,
MRLTX,,
EVSRX,,
EDN,,
EVSIX,,
CCGIX,,
IBM,,
BDAIX,,
BDAUX,,
CCGSX,,
CWVCX,,
CCRIX,,
EVSYX,,
REX,,
VTCLX,,
EPDIX,,
VRMGX,,
BDAFX,,
ANORX,,
GCCLX,,
PICMX,,
FITLX,,
PQSIX,,
JHJRX,,
GCCHX,,
MYIEX,,
FOCPX,,
NSC,,
PLJMX,,
CVMIX,,
JFIVX,,
LIVKX,,
ASML,,
JHJIX,,
PURYX,,
EPDPX,,
JBGS,,
PDEAX,,
LIVIX,,
FIAGX,,
JHJAX,,
PDEQX,,
ASMXF,,
PNRAX,,
SPIIX,,
LIVAX,,
LIVPX,,
IR,,
PRSRX,,
FITGX,,
VRESX,,
LAUR,,
PVH,,
FMILX,,
FIGCX,,
NCLH,,
DSGX,,
VIESX,,
PRACX,,
DREGX,,
VAESX,,
TISCX,,
FCPGX,,
API,,
FCIGX,,
CSX,,
FCAGX,,
FGIKX,,
RGA,,
TRPSX,,
CISIX,,
DFSIX,,
FCTGX,,
CSXAX,,
CTAS,,
TIBCX,,
CGIOX,,
DISYX,,
CGIIX,,
TIBMX,,
PCUZX,,
TIBRX,,
USB,,
TIBIX,,
SOL,,
GSXIX,,
TIBGX,,
DISRX,,
CVTRX,,
GVEQX,,
DISAX,,
PCCOX,,
PRCOX,,
FGEMX,,
FCIUX,,
FCIWX,,
CSXCX,,
OPY,,
MRGRX,,
MRGJX,,
PACOX,,
CSCO,,
FCIRX,,
ANOHX,,
LNG,,
JARSX,,
FDESX,,
FZACX,,
RRCOX,,
CVTCX,,
ELFNX,,
FDTIX,,
VTCIX,,
CGOAX,,
GCEUX,,
DISCX,,
RYPNX,,
AMAT,,
AMAT,,
FDTOX,,
NEEIX,,
CLCRX,,
ANOYX,,
GCEQX,,
BSPGX,,
TRHZX,,
ANOGX,,
WFSPX,,
PRUIX,,
INGIX,,
BSPIX,,
FDTEX,,
SVSPX,,
CLXRX,,
CLPYX,,
ANONX,,
BSPSX,,
NINDX,,
PREIX,,
PDSIX,,
PSIFX,,
ISJBX,,
APA,,
SSPIX,,
BSPPX,,
BSPAX,,
NEEGX,,
ANOAX,,
CVMRX,,
BTIIX,,
BTIRX,,
BTIEX,,
NNOCF,,
CIPIX,,
ANOIX,,
FCAKX,,
CIPMX,,
CVMAX,,
INDEX,,
FDCAX,,
VBNK,,
ROOT,,
MAR,,
SRE,,
FGJMX,,
CVMCX,,
PSICX,,
PDEZX,,
SRAD,,
PSKCX,,
TIBOX,,
TIBAX,,
PNTG,,
GSK,,
GSCIX,,
TRSCX,,
BTI,,
SUSSX,,
FCTDX,,
FUQIX,,
AXTI,,
AXTI,,
VRSN,,
WMT,,
TBBK,,
GSXAX,,
TIGR,,
ELEV,,
VITPX,,
VITNX,,
BKD,,
FSKAX,,
GNSRX,,
MRGKX,,
DG,,
AAL,,
GSXCX,,
EXEYX,,
CTSH,,
MRGHX,,
MRGAX,,
FGHMX,,
FFTYX,,
MRERX,,
BIERX,,
NSEPX,,
CLEYX,,
DE,,
CSMCX,,
PR,,
MRGCX,,
ROFIX,,
NSGAX,,
MRGGX,,
FXAIX,,
VIIIX,,
COCO,,
MRGBX,,
VINIX,,
SPINX,,
MNRGX,,
FGKMX,,
CSMVX,,
NOSIX,,
MIPTX,,
BCGDX,,
FGDMX,,
ISIPX,,
MEFZX,,
WAESX,,
NEIAX,,
MAPTX,,
WISGX,,
ABM,,
JMIGX,,
NPSGX,,
PSIAX,,
TAAIX,,
NSGCX,,
ISIVX,,
MEFYX,,
WTSGX,,
FDTCX,,
FZAEX,,
HST,,
TDG,,
BRUSX,,
MEFAX,,
CGOCX,,
EQH,,
FEYIX,,
JMCGX,,
TAAAX,,
MMELX,,
FAMRX,,
FBMPX,,
FAMKX,,
ACMR,,
GEQYX,,
MADCX,,
MKDCX,,
PMEGX,,
MDDCX,,
ICE,,
FEYAX,,
GEQZX,,
JMUEX,,
HVEIX,,
JUSRX,,
PHSKX,,
FEYTX,,
JUEMX,,
TSCGX,,
JUESX,,
MLM,,
ILGRX,,
JUEAX,,
TICRX,,
IYGIX,,
TICHX,,
STLD,,
HWGIX,,
FLS,,
DSPIX,,
ODC,,
HWGAX,,
JUEZX,,
WLGAX,,
FEYCX,,
WLGYX,,
VOYA,,
SSHQX,,
CNQ,,
WLGRX,,
JUECX,,
BAND,,
SRFMX,,
PSPNX,,
WLGCX,,
SSSFX,,
PTOPX,,
VC,,
TTOIX,,
KINCX,,
NUESX,,
TRTGX,,
NUEIX,,
TRTFX,,
DGLAX,,
TRRLX,,
TRRNX,,
BIIEX,,
PAROX,,
CCO,,
TRRYX,,
BIEAX,,
RRTVX,,
HFQTX,,
HISIX,,
FDFIX,,
TRRZX,,
CNNE,,
TSMMX,,
COAGX,,
WIESX,,
AGIZX,,
NWS,,
DFMIX,,
AFEGX,,
ALBAX,,
EQT,,
BIECX,,
TRRMX,,
DFMAX,,
DURPX,,
FIMKX,,
HFQRX,,
HFQIX,,
VPCCX,,
PARFX,,
WAMCX,,
ALK,,
MGRFX,,
AFEDX,,
AFYDX,,
HIG,,
FIQCX,,
HFQSX,,
RRTFX,,
HFQCX,,
MEFFX,,
AFDGX,,
JDEUX,,
VMMSX,,
AFEIX,,
MEFNX,,
FTMKX,,
HFQAX,,
AFDIX,,
JDESX,,
DGYGX,,
ALBCX,,
DGIGX,,
PCEKX,,
JDEAX,,
MNOZX,,
AFDAX,,
ES,,
DGAGX,,
FMCKX,,
EXOSX,,
APHGX,,
MNOSX,,
AFDRX,,
JUEQX,,
MEYWX,,
FTQGX,,
TFIFX,,
JUEPX,,
PRISX,,
AMP,,
ZVIA,,
SISAX,,
AFDCX,,
SKTAX,,
FMIYX,,
VHCAX,,
SGOAX,,
VHCOX,,
WWWFX,,
PCOTX,,
TRRKX,,
NVGS,,
PARLX,,
KINAX,,
FSEAX,,
SEHAX,,
PSPTX,,
DODWX,,
RRTRX,,
FIQPX,,
FERIX,,
CHTR,,
BISCX,,
DGLYX,,
FEAAX,,
BNSCX,,
PTOAX,,
AIGOX,,
DGLRX,,
FEATX,,
VSEQX,,
SUTZX,,
PRILX,,
PRIGX,,
MAT,,
SUTAX,,
JMGRX,,
QLEIX,,
FIKBX,,
PRBLX,,
ECL,,
FERCX,,
ALGN,,
PSOCX,,
CECYX,,
FFSIX,,
NMIMX,,
TSRLX,,
SCRLX,,
WGMCX,,
QLENX,,
FAFDX,,
SICWX,,
DGLCX,,
NMIAX,,
SCIZX,,
AHT-PD,,
SPGI,,
WPSGX,,
ABCL,,
TM,,
CCERX,,
PSX,,
VMC,,
HFQDX,,
UIS,,
NWAEX,,
NNOX,,
SCSCX,,
APDGX,,
NGISX,,
MKL,,
ARTGX,,
PVFYX,,
PNC,,
NOK,,
PIOTX,,
LZUSX,,
RLUSX,,
JAMEX,,
BILI,,
FMIJX,,
FIS,,
VLO,,
AVIR,,
ANGO,,
MCDCX,,
HNST,,
SSSIX,,
DD,,
LB,,
QLERX,,
VPMAX,,
ESGNX,,
ESGYX,,
VPMCX,,
AOD,,
KSS,,
MNHWX,,
ADP,,
PLD,,
GRC,,
ESGMX,,
GILLX,,
GSLLX,,
ECEAX,,
BE,,
JDMNX,,
JANEX,,
TRGVX,,
GALLX,,
MNHIX,,
JDMAX,,
JGRTX,,
RMD,,
TEBRX,,
EXHAX,,
JDMRX,,
SENCX,,
HCA,,
BIPIX,,
JGRCX,,
FAFSX,,
WPSZX,,
WPSIX,,
VSTCX,,
MNHRX,,
MXEBX,,
MNHCX,,
ESGCX,,
WPASX,,
FAFCX,,
RJF,,
NWSA,,
OSTGX,,
CMI,,
MIGKX,,
BIPSX,,
MUIGX,,
MCN,,
WPCSX,,
TRV,,
FDCPX,,
TRRDX,,
VLNPX,,
FTNT,,
LZUOX,,
STSEX,,
GARIX,,
CEYRX,,
CEYIX,,
FEGRX,,
EAEAX,,
TCMSX,,
RRTDX,,
SGIIX,,
PARDX,,
CSIEX,,
KEY,,
SGENX,,
JXN,,
CMCM,,
CWCO,,
RMBGX,,
EILGX,,
OSCYX,,
EAALX,,
RMBHX,,
JAAGX,,
UNM,,
OSCNX,,
GGZPX,,
VASGX,,
FESGX,,
FSK,,
HWAZX,,
LOB,,
GFCUX,,
FSMDX,,
HWAIX,,
VEXRX,,
PBPB,,
RMBJX,,
VEXPX,,
JAENX,,
ALL,,
NELIX,,
BARIX,,
EAGCX,,
BARUX,,
HMC,,
FDEEX,,
FCTKX,,
HWAAX,,
BARAX,,
COST,,
GRLLX,,
NELAX,,
FNSDX,,
AMZN,2020-01-01,2025-07-04
VNSCX,,
HWACX,,
STITX,,
MXETX,,
NELCX,,
IMIDX,,
VRGEX,,
VWNAX,,
MIGNX,,
JKS,,
MGTIX,,
VWNFX,,
VGISX,,
SCIIX,,
VLCGX,,
MIGHX,,
MIGFX,,
IX,,
BMA,,
MIRGX,,
VGSAX,,
MNOWX,,
ZTS,,
JBALX,,
FPH,,
SBRAX,,
MIGBX,,
MIGMX,,
SBHAX,,
GSUKX,,
CUBI,,
PDS,,
MIGDX,,
GSIKX,,
GSTKX,,
CLIQX,,
PMYYX,,
PMYTX,,
CFG,,
VIRT,,
GSAKX,,
CVE,,
TRZZX,,
PMYAX,,
TROW,,
VNSYX,,
VNSNX,,
MNSQX,,
PMYZX,,
OSSIX,,
OSCAX,,
VNSAX,,
GSCKX,,
PMYCX,,
GRMN,,
OTIIX,,
OTCFX,,
LH,,
PASSX,,
OSCCX,,
SOLV,,
USPFX,,
CSRYX,,
LOCO,,
BSBR,,
CMCRX,,
GWW,,
NICSX,,
AKRSX,,
CMJIX,,
USPVX,,
GCLLX,,
AKRIX,,
CMJAX,,
QCOM,,
MWMZX,,
TNBAX,,
AKREX,,
SLVRX,,
PSCJX,,
MWMIX,,
AME,,
JABNX,,
MMEAX,,
PSCHX,,
CMIDX,,
MMEYX,,
GQEFX,,
MMMMX,,
JANBX,,
JSCRX,,
ARCC,,
SVLCX,,
JDBAX,,
MGA,,
EIEAX,,
APHKX,,
APDKX,,
PPG,,
JABRX,,
ARTKX,,
MTB,,
FFNOX,,
USPCX,,
GCPYX,,
JDBRX,,
VGSCX,,
MMECX,,
JABCX,,
NUE,,
TMSIX,,
CSECX,,
BMDIX,,
AASCX,,
QIBGX,,
QKBGX,,
BMDSX,,
CWS,,
GSNPX,,
APO,,
GLIFX,,
GLFOX,,
SESMF,,
FDLSX,,
FCNCA,,
GMOWX,,
GOVIX,,
FTHFX,,
GSRKX,,
QABGX,,
ACWIX,,
GAAHX,,
TRSSX,,
GOFIX,,
MITT,,
FTHAX,,
ACWZX,,
PARKX,,
IGA,,
TRRJX,,
EFT,,
ACWDX,,
ISVGX,,
GEACX,,
AMBC,,
CSVZX,,
PURCX,,
KLIC,,
SLVIX,,
DIVPX,,
MET,,
QCBGX,,
PURRX,,
GCPNX,,
FTYCX,,
EXR,,
SLVAX,,
RRTPX,,
JABAX,,
FSTLX,,
PJSQX,,
FMSTX,,
PSCZX,,
PURAX,,
GGIPX,,
GSINX,,
CFLT,,
FSTKX,,
FSTRX,,
GSIYX,,
PUREX,,
FFGCX,,
YMM,,
GSIMX,,
GOLD,,
GQETX,,
GCPAX,,
GQLOX,,
PURGX,,
ICSNX,,
DOV,,
FFGIX,,
PURZX,,
VRSK,,
VWENX,,
PGOAX,,
VWELX,,
FIQRX,,
QRLVX,,
FFGAX,,
GSIHX,,
PGRQX,,
FICVX,,
AWEIX,,
GSIQX,,
FCVSX,,
QCLVX,,
FFGTX,,
RF,,
HIMDX,,
MPLN,,
EW,,
FCGCX,,
PSCCX,,
GSILX,,
FACVX,,
FCGIX,,
HFMDX,,
EWMCX,,
FTCVX,,
FCGEX,,
IDCC,,
FDUS,,
CUURX,,
CSVYX,,
QGIAX,,
DHT,,
CSCZX,,
CSMIX,,
TSCSX,,
FCCVX,,
IMAX,,
USBOX,,
GVMCX,,
CSVRX,,
GPC,,
FTHSX,,
AASMX,,
FCDAX,,
SIBAX,,
DRI,,
FMCRX,,
LICY,,
CCSI,,
GBDC,,
CSSCX,,
WFRD,,
FTHNX,,
IIVGX,,
JCNNX,,
VFMFX,,
JSVAX,,
FSCIX,,
JCONX,,
JACNX,,
DFSGX,,
MRX,,
JCNIX,,
JCNAX,,
IAVGX,,
DFDSX,,
LRN,,
JCNRX,,
JCNCX,,
TNBIX,,
MMM,,
IGISX,,
ICSIX,,
OVV,,
TNBRX,,
GQESX,,
FMGIX,,
GQLIX,,
FIQVX,,
VRMCX,,
GCPCX,,
VIMCX,,
SBFIX,,
VTRS,,
FSBLX,,
VMACX,,
DGIFX,,
PAYX,,
FRDTX,,
IGD,,
FSTBX,,
IFPUX,,
FRDRX,,
FSBKX,,
MTD,,
MMBUX,,
CLFFX,,
VMCCX,,
NIC,,
GGB,,
FRDPX,,
CLIFX,,
BABA,,
FRISX,,
FRDAX,,
BUIDX,,
FSBCX,,
BUFDX,,
QUAD,,
NVO,,
GOOGL,,
E,,
BBY,,
FSSZX,,
FCDIX,,
RRC,,
FDSCX,,
VLSRX,,
CLREX,,
CBDYX,,
CBALX,,
AYI,,
GLBE,,
CBLAX,,
DDI,,
FCDTX,,
CNH,,
FMCLX,,
FZAOX,,
VLSCX,,
FSCDX,,
CBLRX,,
FCDCX,,
FMDCX,,
MLR,,
CLTAX,,
PMAQX,,
FSCTX,,
PCBIX,,
GAP,,
INCY,,
PMBJX,,
GCBUX,,
CLTIX,,
FBAKX,,
PMBPX,,
WBSIX,,
PEMGX,,
ESTC,,
PFPWX,,
CBLCX,,
FITB,,
NOMIX,,
FBALX,,
IVZ,,
FSCEX,,
HWCIX,,
PMBMX,,
PARWX,,
XPEV,,
HWCAX,,
EKGYX,,
EKGIX,,
SPG,,
PMBCX,,
GBATX,,
JPPEX,,
EKGAX,,
JMEEX,,
HICGX,,
DBX,,
VSNGX,,
NWKCX,,
VADFX,,
DHAMX,,
NWKDX,,
VADDX,,
DHANX,,
NGJAX,,
NGJFX,,
ILMN,,
INTT,,
JMCEX,,
VADAX,,
NWHZX,,
RCMFX,,
MCMVX,,
FEVRX,,
NGJIX,,
JMCCX,,
FEVIX,,
TRZDX,,
VADRX,,
WRLDX,,
FPCSX,,
WIGRX,,
CLAIX,,
VLSIX,,
WGROX,,
PDGIX,,
FCIVX,,
VDADX,,
ROST,,
PARCX,,
LMT,,
NGJCX,,
VECO,,
PRDGX,,
CELH,,
AIZ,,
VLSAX,,
PAXIX,,
TADGX,,
CME,,
ALLE,,
VLMIX,,
INDIX,,
TRP,,
ABLOX,,
INAAX,,
FEVCX,,
INDAX,,
VLIFX,,
WBSRX,,
FOXA,,
NKE,,
GOOG,2020-01-01,2025-07-04
SSYS,,
VYRBX,,
NFG,,
IBGIX,,
WBSNX,,
ROCK,,
IMMR,,
IBSSX,,
GDDY,,
IBSAX,,
IBCGX,,
DODGX,,
GES,,
MFVZX,,
MMFYX,,
INFCX,,
UXIN,,
MFVAX,,
LPG,,
MFVSX,,
MMFVX,,
VVR,,
WSMRX,,
GSBD,,
PSLDX,,
FIJPX,,
JENYX,,
CAMRX,,
TZOO,,
JENIX,,
WSMDX,,
MFVFX,,
TRRCX,,
HFCGX,,
FEVAX,,
JENSX,,
MFVNX,,
FPACX,,
EKGCX,,
VRSGX,,
PXSGX,,
HWSIX,,
MTCH,,
HWSZX,,
LGMNX,,
JCMAX,,
CMAAX,,
PJEAX,,
VBIAX,,
HWSAX,,
VBAIX,,
DHTYX,,
LSWWX,,
PJEQX,,
PJEZX,,
DHLTX,,
TLVIX,,
NREF,,
VBINX,,
HULEX,,
AHL-PD,,
LGMAX,,
VADCX,,
DHTAX,,
HULIX,,
CMACX,,
YAFIX,,
LMVYX,,
HWSCX,,
LGMCX,,
FOX,,
CRMMX,,
FOBPX,,
SIVIX,,
FNARX,,
CRIMX,,
GCBLX,,
FOBAX,,
FWTKX,,
RYMVX,,
SSQSX,,
EA,,
YACKX,,
AFVZX,,
FKGLX,,
SHW,,
BLND,,
FIFFX,,
AFVLX,,
HY,,
MNST,,
HLIT,,
TGAFX,,
FAFFX,,
NRGEX,,
DIVHX,,
MGISX,,
VFC,,
WSMNX,,
CTM,,
LUMN,,
MSFAX,,
PAFGX,,
RRTCX,,
PAXWX,,
MSFBX,,
VTSIX,,
FPI,,
VTMSX,,
FTFFX,,
UCTT,,
PSA,,
NRGSX,,
NBGIX,,
BSX,,
VASVX,,
MSFLX,,
AAUTX,,
NBGNX,,
PSGAX,,
KORE,,
NBGEX,,
NBGAX,,
FFTHX,,
MSGFX,,
BSGIX,,
D,2025-04-01,2025-05-01
SYK,,
RMBMX,,
FSNUX,,
WS,,
AAPL,2020-01-01,2025-07-04
JENRX,,
PSGCX,,
LMVWX,,
LMVOX,,
HSTAX,,
BTEFX,,
YAFFX,,
LFSFX,,
AMPX,,
LMVVX,,
HIBSX,,
LFVAX,,
THRM,,
ACN,,
LKBAX,,
TRMIX,,
RYAVX,,
FVLZX,,
LFVCX,,
RPGAX,,
FVIFX,,
EFXT,,
PORYX,,
FCFFX,,
ALLY,,
PGR,,
FAVFX,,
SNORX,,
SNOIX,,
SNOAX,,
YRD,,
ORILX,,
FTVFX,,
RYMMX,,
ACGL,,
MITT-PB,,
FCVFX,,
WMB,,
GURCX,,
TER,,
BUIOX,,
SNOCX,,
IFF,,
PVFAX,,
EQR,,
VRREX,,
FTHY,,
MUNDX,,
GWEZX,,
GWEIX,,
VTOL,,
VEIRX,,
VEIPX,,
IT,,
FTV,,
CSVIX,,
GTLB,,
CDXS,,
VDIGX,,
CALRX,,
LCRIX,,
FSHOX,,
LCORX,,
TMPRX,,
ITW,,
BPAIX,,
SEVAX,,
MCS,,
BIIB,,
TMCTX,,
PEB,,
BPAVX,,
VLAIX,,
CSCCX,,
CQTRX,,
TRTZX,,
PTLO,,
GD,,
VLAAX,,
TBARX,,
SIBLX,,
SEVSX,,
TLVAX,,
RSG,,
ADMA,,
TRMCX,,
A,2020-01-01,2023-01-01
VGWAX,,
CSRIX,,
Z,,
CMA,,
CTFDX,,
MYIMX,,
TAMVX,,
MRIMX,,
MAIMX,,
TLVCX,,
RRMVX,,
THR,,
DHLYX,,
CSJZX,,
MMIJX,,
HHDFX,,
XFLT,,
F,,
CSJIX,,
WAYEX,,
SBACX,,
FSCRX,,
VSCRX,,
MPV,,
PARA,,
PAM,,
CSJAX,,
HHDVX,,
L,2020-01-01,2023-01-01
BUFOX,,
AXVNX,,
PHRIX,,
PFSLX,,
CSJRX,,
MCIMX,,
GWGZX,,
BGRIX,,
BGRUX,,
ABEV,,
GWGIX,,
BREUX,,
TRVG,,
BGRFX,,
VSCNX,,
BREIX,,
CSJCX,,
GWGVX,,
PHRCX,,
COTZX,,
FSRFX,,
CYYYX,,
NEJYX,,
GURIX,,
GWETX,,
CCVAX,,
FIKNX,,
SBUX,,
BREFX,,
TMPIX,,
NEFJX,,
FCVIX,,
FCPVX,,
TRRHX,,
TMCPX,,
EISMX,,
GURAX,,
JEQIX,,
FCVAX,,
EAASX,,
TMAPX,,
TILE,,
FCVTX,,
UBVTX,,
EILVX,,
ERLVX,,
SEBLX,,
MAC,,
RMLPX,,
EHSTX,,
ERSMX,,
VGWLX,,
RIVSX,,
TMVIX,,
FCVCX,,
CIG,,
TMCJX,,
GTSCX,,
ERSTX,,
JLVZX,,
ECASX,,
CSRSX,,
DHLRX,,
GTCSX,,
JHQPX,,
ECSTX,,
JHQRX,,
RIG,,
DIAYX,,
VKSIX,,
VKSRX,,
JHEQX,,
DHLAX,,
RPMAX,,
AXVIX,,
MNVRX,,
JHQAX,,
OSTVX,,
MINVX,,
AA,,
VKSAX,,
MIVIX,,
MNVAX,,
HCMAX,,
NEOYX,,
JHQCX,,
PARJX,,
NOANX,,
VKSCX,,
CTFAX,,
DEOPX,,
ERASX,,
RRTNX,,
BRSP,,
AIG,,
UBVFX,,
UBVVX,,
UBVLX,,
WBVRX,,
UBVSX,,
UBVUX,,
BRSVX,,
ICSCX,,
UBVAX,,
GQGIX,,
KMI,,
JLVMX,,
GM,,
FSERX,,
NEFOX,,
ET,,
WBVNX,,
NIO,,
UBVRX,,
JLVRX,,
OLVRX,,
HWLAX,,
UBVCX,,
OLVTX,,
SRFM,,
ZION,,
TRAIX,,
OLVAX,,
PVIVX,,
PRWCX,,
OLVCX,,
HQH,,
FTVSX,,
FTVZX,,
PACLX,,
FTVNX,,
FTVAX,,
MBXIX,,
WAMFX,,
TRMK,,
RPMFX,,
MBXAX,,
FTVCX,,
NWAPX,,
NWANX,,
NWAOX,,
NWAMX,,
GNL-PA,,
PKSFX,,
NWALX,,
PSQGX,,
SENEA,,
FSDIX,,
SETAX,,
MBXCX,,
MBXFX,,
FIQWX,,
FSIDX,,
FASDX,,
GQGRX,,
GQGPX,,
PKSCX,,
FTSDX,,
BVALX,,
WM,,
VWNEX,,
DODBX,,
BIAVX,,
SEIRX,,
CBOE,,
HSIC,,
VWNDX,,
FRT,,
VTMFX,,
HLQVX,,
FRLAX,,
FCSDX,,
TRRBX,,
PARBX,,
HWLIX,,
HWLZX,,
FREEX,,
DHLSX,,
USBLX,,
DVN,,
ECC,,
DIAMX,,
UGTIX,,
RRTBX,,
EMN,,
FRRSX,,
LPSN,,
UGTAX,,
SAFT,,
DSCPX,,
NECOX,,
BX,,
PHRAX,,
MCSDX,,
VEVIX,,
SREYX,,
VEVRX,,
FRESX,,
VEVYX,,
BTMFX,,
MSOIX,,
FUGAX,,
UGTCX,,
FSRNX,,
MSOAX,,
VETAX,,
PKSAX,,
MCSSX,,
PWP,,
EIFVX,,
HMXIX,,
FIKAX,,
FANIX,,
CMG,,
VEVCX,,
UHS,,
HMXAX,,
FANAX,,
LSRCF,,
FAGNX,,
LNC,,
FSUTX,,
ECFVX,,
MGOCX,,
EICVX,,
CAMWX,,
FNRCX,,
HMXCX,,
EICIX,,
CAMOX,,
SUPV,,
EIPIX,,
FTSIX,,
FSENX,,
FIKIX,,
FUGIX,,
HKD,,
ADTN,,
ALCKX,,
EICCX,,
FTSAX,,
ABPRX,,
EIPFX,,
SWK,,
FAUFX,,
CFMDX,,
AJG,,
FUGCX,,
CIMDX,,
EAFVX,,
GETGX,,
ADM,,
BTBFX,,
MITT-PA,,
HBI,,
PPIPX,,
SNAP,,
WBX,,
PRSIX,,
WAT,,
TRRAX,,
AMCX,,
INBX,,
CPLIX,,
DGICA,,
CRM,,
RRTAX,,
PARAX,,
CPLSX,,
FSPCX,,
AWIIX,,
SVFYX,,
SVFFX,,
TJX,,
MCK,,
SMVLX,,
SVFAX,,
APD,,
SVFKX,,
ESS,,
SVFDX,,
NEE,,
CPCLX,,
TILCX,,
BRIUX,,
BRIIX,,
TRLUX,,
HOG,,
AKAM,,
SBAC,,
AVB,,
BTSMX,,
PERF,,
GERN,,
ENTG,,
NWL,,
KIM,,
WSBFX,,
OXY,,
HD,,
HPQ,,
SIRI,,
SW,,
FSRPX,,
ALKS,,
BOSOX,,
IQEPF,,
LOGOX,,
TORIX,,
PCAFX,,
PRU,,
DHR,,
TORTX,,
HRB,,
LOGBX,,
SHO,,
CHRW,,
TORCX,,
MRFOX,,
IBN,,
BHR,,
AIV,,
CAMUX,,
CAMMX,,
UFI,,
AVY,,
ABT,,
MO,,
TKC,,
AZO,,
BHR-PD,,
COBYX,,
JWN,,
CB,,
ROP,,
MRNA,,
NGVC,,
BP,,
VNOM,,
MAPOX,,
MMT,,
GQRRX,,
GQRIX,,
LLY,,
TGI,,
STLA,,
NXDT,,
GQRPX,,
VALE,,
WES,,
PKG,,
DKNG,,
PFG,,
EFC,,
DOCN,,
AIIXY,,
QMCO,,
TRIN,,
DGICB,,
DGX,,
GMDFX,,
GMCDX,,
AOS,,
CNPIX,,
LSOFX,,
ENS,,
GHVIX,,
CNPSX,,
REG,,
GMOQX,,
INFY,,
GL,,
DXC,,
KMKYX,,
LKBLX,,
PHM,,
FDX,,
KMKNX,,
SITC,,
KMKAX,,
AFYA,,
KMKCX,,
JBHT,,
NI,,
JNPR,,
O,2020-01-01,2025-07-04
VWIAX,,
FE,,
WBA,,
GNL,,
VHYLX,,
LOW,,
BLUEX,,
JFNAX,,
KNTK,,
GQEIX,,
GQERX,,
POWL,,
EVDIX,,
MBI,,
VWINX,,
GQEPX,,
JFNNX,,
AGNC,,
EXPD,,
JFNIX,,
JNGLX,,
KIFYX,,
JAGLX,,
KIFAX,,
PX,,
UDR,,
JFNSX,,
LFT,,
SYY,,
ADC,,
ENPIX,,
JFNCX,,
FSMEX,,
EVDAX,,
KO,,
FSHNX,,
WBAIX,,
DOCS,,
WBALX,,
FIJGX,,
FSTCX,,
FTUIX,,
M,,
ENPSX,,
KOS,,
FTUAX,,
ELME,,
HFSAX,,
FTUTX,,
DTE,,
FTUCX,,
GILT,,
ZEPP,,
MKFG,,
PBA,,
SFHYX,,
HAHCX,,
HAHAX,,
DAHYX,,
BHYSX,,
BRHYX,,
CNP,,
UNP,,
TCRRX,,
PRCPX,,
HAHSX,,
HAHFX,,
PMT-PB,,
HAHVX,,
HAHYX,,
HAHTX,,
PCAR,,
BTE,,
LTC,,
MSI,,
BHYRX,,
BHYIX,,
BHYCX,,
PEG,,
MMC,,
DCHYX,,
UAVS,,
CNO,,
BKR,,
PAOPX,,
BAX,,
CCHIX,,
AMPH,,
LND,,
HAHIX,,
LGO,,
IHFIX,,
HAHRX,,
BUIHX,,
CPHYX,,
DNHYX,,
PG,,
ADTTF,,
MCD,,
THISX,,
CHX,,
PFE,,
RHYAX,,
PRHSX,,
IHFAX,,
BUFHX,,
BG,,
LAC,,
MAS,,
RGHYX,,
RWSNX,,
RFRAX,,
IHFCX,,
SGHRX,,
BHYAX,,
PHYFX,,
RFRFX,,
TOWCF,,
MGHYX,,
CFRZX,,
CFRYX,,
PHSIX,,
PHFNX,,
PHSPX,,
PHSAX,,
PHSCX,,
FPIOX,,
RFRCX,,
DX,,
WY,,
PHYTX,,
NPSAX,,
FHYSX,,
EPD,,
MLNK,,
MDT,,
HIGFX,,
RITGX,,
FTAHX,,
AHIFX,,
CITFX,,
RITFX,,
RITEX,,
AHITX,,
AHTFX,,
CITAX,,
CITEX,,
RITCX,,
RITAX,,
RITBX,,
AHTCX,,
CITCX,,
RTEHX,,
RITHX,,
FAHHX,,
PLAB,,
RWSIX,,
GURPX,,
SEVPX,,
APLE,,
SGHCX,,
VEGBX,,
NPSFX,,
KNPYX,,
NPSRX,,
WWNPX,,
SGHAX,,
PIAMX,,
KNPAX,,
AFL,,
KNPCX,,
UTZ,,
CMCSA,,
NGL,,
ASHSX,,
NPSCX,,
ASHAX,,
SNA,,
ASHCX,,
GILD,,
ANF,,
INTC,,
LEN,,
SGHSX,,
ETR,,
UNAVX,,
ALB,,
ASHIX,,
NFFCX,,
FIJCX,,
MHYIX,,
FDIGX,,
FDFAX,,
BGISX,,
NFRFX,,
SCIA,,
FDAGX,,
KSOAX,,
NFRAX,,
FDTGX,,
AEE,,
UTSI,,
KSCOX,,
FDCGX,,
MHYTX,,
GIFAX,,
GIFPX,,
GIFIX,,
GIFSX,,
AACT,,
UPS,,
MHHIX,,
SAMHX,,
MHYSX,,
FHIRX,,
NFRIX,,
KSCYX,,
KMB,,
MNHAX,,
BCGIX,,
WEC,,
GIFCX,,
BCAAX,,
BGGCX,,
STZ,,
MHCAX,,
KSOCX,,
XEL,,
PHCHX,,
VRHYX,,
CLF,,
HMEZX,,
HYIZX,,
MYHCX,,
MHYRX,,
MHYZX,,
PGHCX,,
MHYWX,,
NOC,,
FHQRX,,
MNHYX,,
FHRRX,,
HES,,
FVHIX,,
HYPSX,,
EOG,,
AON,,
MDLZ,,
BEKE,,
SHSKX,,
PMT-PA,,
SHSSX,,
SUN,,
NOV,,
MHHSX,,
HMEAX,,
SHSAX,,
SHISX,,
OSTIX,,
CCI,,
DHI,,
SHSCX,,
BHSRX,,
VWEAX,,
VWEHX,,
PHCIX,,
FCHIX,,
HMECX,,
ORLY,,
FHAIX,,
T,2020-01-01,2023-01-01
PPL,,
PAA,,
RWIIX,,
HOLX,,
HRL,,
BHCUX,,
BHCHX,,
VGCAX,,
BHCFX,,
FTMIX,,
PLYA,,
COTY,,
CUBI-PF,,
FET,,
DOLE,,
NMI,,
ESGR,,
EIX,,
JNJ,,
VZ,,
NGL-PC,,
LNT,,
GIOPX,,
GIOIX,,
GIOSX,,
GHLD,,
GIOAX,,
AMCR,,
GIOCX,,
PDCO,,
COSIX,,
MLKN,,
ARAY,,
RSIVX,,
SCS,,
CLSCX,,
SO,,
CSNRX,,
CTIVX,,
RSIIX,,
CPHUX,,
LSIZX,,
LKQ,,
IP,,
CL,,
PRGO,,
HBB,,
NIM,,
CPMPX,,
RMAX,,
ATSG,,
MAA,,
HCXY,,
ICHR,,
BTTRX,,
GBX,,
MIN,,
MAXN,,
ACTVX,,
PLCE,,
ABBV,,
VTAPX,,
VTSPX,,
AMT,,
VTIPX,,
RNWEY,,
RDFN,,
OXINF,,
FRPH,,
K,,
ARINX,,
COP,,
DNOW,,
FSPHX,,
FMY,,
DINRF,,
AEO,,
AEP,,
SLB,,
NGL-PB,,
CDSIX,,
AMWD,,
CDSRX,,
JIMEX,,
CDICX,,
CSDAX,,
BLFY,,
GILFX,,
GIKRX,,
GILHX,,
GILPX,,
GILDX,,
HAL,,
GAM-PB,,
RWINX,,
CERPX,,
NVRO,,
VOXX,,
EDR,,
SQ,,
VVI,,
ALTM,,
HCP,,
LEV,,
MOPBX,,
MKHCX,,
AJX,,
SRCL,,
BRECX,,
MCRNF,,
WEL,,
LSLTX,,
CDWHF,,
PRFBX,,
MWFEX,,
PMYBX,,
TGUNX,,
BREKX,,
PGNBX,,
POVBX,,
TGHNX,,
AEMFF,,
EVA,,
TCCHX,,
TLWCX,,
TPWCX,,
TNWCX,,
TEWCX,,
CWCFX,,
MJPNF,,
CMAX,,
GATO,,
AHL-PC,,
FAIOX,,
FZAAX,,
TGHYX,,
BREAX,,
BISIX,,
BGLSX,,
BGRSX,,
FABCX,,
FABLX,,
FAIGX,,
FALCX,,
FBLYX,,
FBUSX,,
FGABX,,
FGTNX,,
FIQQX,,
TNBCX,,
PWIYX,,
CHK,,
SGH,,
PIPPX,,
PMSGX,,
HA,,
CVVRX,,
PMSBX,,
PMBSX,,
CHHRX,,
CSERX,,
CLONX,,
TWKS,,
SCIOX,,
CCHRX,,
RCM,,
CFLRX,,
INST,,
CALT,,
CHUY,,
MRO,,
AAN,,
ENSBX,,
MFD,,
SWN,,
CLSRX,,
FISV,,
CTORX,,
CECFX,,
CBDRX,,
CMNRX,,
CNDRX,,
CGQFX,,
CSGVX,,
CTYRX,,
CGOLX,,
ORAN,,
FANH,,
SAVE,,
TUP,,
HYB,,
KIFCX,,
INFN,,
FGITX,,
FGIOX,,
FGIRX,,
FGIUX,,
FGIZX,,
DISPF,,
PRTS,,
CUBI-PE,,
TSCO,,
VUSFX,,
PRA,,
SENEB,,
CGBD,,
KELYB,,
PNW,,
GIBAX,,
PCG,,
GIBRX,,
GIBIX,,
GIBCX,,
GIBLX,,
KR,,
CBFYX,,
CNDAX,,
CNFRX,,
GMODX,,
GMOLX,,
GAAAX,,
UMMGX,,
VCOBX,,
EGY,,
SIUSX,,
GIUSX,,
SDICX,,
KSPI,,
SIUPX,,
CLDIX,,
CLDAX,,
SSICX,,
SSIZX,,
SSIRX,,
SSIIX,,
OMC,,
CVS,,
TGT,,
KVUE,,
BIVSX,,
OKE,,
PTAOX,,
PTIAX,,
PTCOX,,
SNDX,,
YUM,,
SLOIF,,
NUV,,
BIVIX,,
HSY,,
BIVRX,,
XOM,,
PGNY,,
CTRA,,
DUK,,
SJM,,
LSHEX,,
LSHUX,,
SODI,,
LSHAX,,
MKC,,
LYB,,
LSHCX,,
CUTR,,
AKYA,,
MHK,,
AMGN,,
PTIMX,,
PTRMX,,
SND,,
STMHX,,
CMNZX,,
CADOX,,
KELYA,,
CMNYX,,
IMNTX,,
RMTCX,,
IPG,,
STMNX,,
AUR,,
STMEX,,
PTEN,,
STMKX,,
WHR,,
CBT,,
ACCO,,
STMYX,,
CI,,
VTR,,
ASMVF,,
NHMFX,,
ZIMV,,
NHMRX,,
NHMAX,,
NHCCX,,
TSQ,,
CMS,,
CVX,,
VEL,,
MHF,,
AWK,,
VHC,,
EC,,
MANZF,,
ED,,
SEM,,
AUNA,,
SQNS,,
WU,,
IQV,,
CHD,,
NBR,,
MRK,,
FWRG,,
SPTN,,
EXC,,
PPC,,
TSN,,
RBCN,,
LANV,,
RHI,,
VIR,,
AES,,
FOR,,
JILL,,
GIS,,
TBRG,,
PMT,,
CATO,,
CLX,,
MNTN,,
KHC,,
FNF,,
CTKB,,
CIA,,
MCI,,
TMO,,
PEP,,
VHI,,
VRTX,,
DVA,,
COO,,
KC,,
PBR,,
ARQT,,
PBR-A,,
RFL,,
GPN,,
TSE,,
ATUS,,
SGU,,
FSHCX,,
HSTM,,
VNET,,
TRT,,
LCID,,
INGN,,
CPB,,
GSTX,,
CNC,,
NKLA,,
DRCT,,
ARIS,,
BHC,,
TAP,,
FLXS,,
KMX,,
SMX,,
HUM,,
HPP,,
TARS,,
ASYS,,
ARE,,
EXFY,,
CAG,,
EZPW,,
VRM,,
NYC,,
MPW,,
SVRA,,
TSPH,,
ERII,,
FNKO,,
DQ,,
DDD,,
HP,,
AGRO,,
EVH,,
BMY,,
ZBH,,
BALY,,
ONTO,,
REGN,,
BDX,,
EMBC,,
NDLS,,
LQDT,,
LEE,,
ANIK,,
MERC,,
EHTH,,
BWMX,,
BGS,,
TMCI,,
NOVA,,
SGMO,,
OPI,,
SG,,
TLYS,,
SMTK,,
TBIO,,
UNH,,
WW,,
AGL,,
FAST,,
WOLF,,
JZ,,
DTC,,
IOVA,,
SPVNF,,
NFE,,
SUP,,
P,2025-04-01,2025-05-01
S,2020-01-01,2023-01-01
VOOG,2020-02-01,2020-02-10
